{"cameraMode":{"drawMode":0,"name":"Shaded","section":"Shading Mode"},"sceneLighting":true,"audioPlay":false,"sceneViewState":{"m_AlwaysRefresh":false,"showFog":true,"showSkybox":true,"showFlares":true,"showImageEffects":true,"showParticleSystems":true,"showVisualEffectGraphs":true,"m_FxEnabled":true},"in2DMode":false,"pivot":{"x":-1.0959877967834473,"y":4.568117141723633,"z":4.48225212097168},"rotation":{"x":0.58257657289505,"y":0.002438315423205495,"z":-0.0017477127257734538,"w":0.8127707242965698},"size":19.494285583496095,"orthographic":true}