{"cameraMode":{"drawMode":0,"name":"Shaded","section":"Shading Mode"},"sceneLighting":true,"audioPlay":false,"sceneViewState":{"m_AlwaysRefresh":false,"showFog":true,"showSkybox":true,"showFlares":true,"showImageEffects":true,"showParticleSystems":true,"showVisualEffectGraphs":true,"m_FxEnabled":true},"in2DMode":false,"pivot":{"x":2.0994300842285158,"y":1.2646629810333253,"z":4.099999904632568},"rotation":{"x":0.05063449218869209,"y":-0.7196603417396545,"z":0.05278619006276131,"w":0.6904795169830322},"size":3.843668222427368,"orthographic":false}